Tanggal,Stock Code,Close,Volume,Offer Volume,Bid Volume,Foreign Sell,Foreign Buy,Kurs
16,AALI,12975 ,1641400 ,200 ,75100 ,793400 ,468100 ,13834 
16,ABBA,50 ,16895800 ,654100 ,0 ,0 ,0 ,13834 
16,ABDA,7500 ,0 ,4000 ,0 ,0 ,0 ,13834 
16,ABMM,2150 ,0 ,11000 ,100 ,0 ,0 ,13834 
16,ACES,1350 ,12106300 ,6060000 ,1048400 ,11090400 ,2530700 ,13834 
16,ACST,2930 ,2056700 ,235400 ,32400 ,44000 ,1000000 ,13834 
16,ADES,920 ,2700 ,900 ,3100 ,0 ,0 ,13834 
16,ADHI,2120 ,6254200 ,229200 ,267600 ,1143000 ,221400 ,13834 
16,ADMF,9150 ,16000 ,14700 ,900 ,0 ,0 ,13834 
16,ADMG,280 ,1470300 ,10000 ,245000 ,0 ,0 ,13834 
16,ADRO,2040 ,110602400 ,3766500 ,794800 ,51260200 ,51853400 ,13834 
16,AGII,760 ,36200 ,23700 ,13000 ,0 ,0 ,13834 
16,AGRO,470 ,11481000 ,102100 ,54100 ,405700 ,0 ,13834 
16,AGRS,630 ,306700 ,10300 ,3100 ,100 ,2000 ,13834 
16,AHAP,165 ,0 ,1000 ,20000 ,0 ,0 ,13834 
16,AIMS,324 ,23400 ,3600 ,700 ,0 ,0 ,13834 
16,AISA,640 ,229885900 ,4993600 ,6227300 ,68029700 ,55331700 ,13834 
16,AKKU,52 ,5126000 ,1940100 ,183700 ,0 ,0 ,13834 
16,AKPI,700 ,200 ,1000 ,800 ,0 ,0 ,13834 
16,AKRA,5775 ,7836700 ,301100 ,491500 ,5714300 ,4654700 ,13834 
16,AKSI,310 ,500 ,100 ,2000 ,0 ,0 ,13834 
16,ALDO,680 ,0 ,100 ,3000 ,0 ,0 ,13834 
16,ALKA,468 ,26500 ,500 ,900 ,0 ,0 ,13834 
16,ALMI,218 ,1500 ,100 ,22000 ,0 ,0 ,13834 
16,ALTO,368 ,8178500 ,3100 ,2000 ,5000 ,0 ,13834 
16,AMAG,368 ,100 ,900 ,3000 ,0 ,0 ,13834 
16,AMFG,5400 ,0 ,200500 ,600 ,0 ,0 ,13834 
16,AMIN,376 ,0 ,10500 ,20000 ,0 ,0 ,13834 
16,AMRT,585 ,191400 ,31400 ,2500 ,178000 ,0 ,13834 
16,ANJT,1230 ,230400 ,200 ,600 ,0 ,0 ,13834 
16,ANTM,845 ,24534400 ,826500 ,136800 ,7183900 ,4193400 ,13834 
16,APEX,1780 ,85800 ,500 ,0 ,0 ,0 ,13834 
16,APIC,520 ,67700 ,239700 ,171500 ,0 ,0 ,13834 
16,APII,204 ,1000 ,1900 ,100 ,0 ,0 ,13834 
16,APLI,105 ,380500 ,185100 ,70500 ,0 ,0 ,13834 
16,APLN,214 ,15213900 ,25000 ,4273900 ,4532700 ,524600 ,13834 
16,APOL,58 ,0 ,0 ,0 ,0 ,0 ,13834 
16,ARGO,825 ,0 ,0 ,50000 ,0 ,0 ,13834 
16,ARII,1220 ,235200 ,114000 ,500 ,1400 ,0 ,13834 
16,ARMY,374 ,566500 ,31800 ,66300 ,0 ,0 ,13834 
16,ARNA,328 ,276800 ,5400 ,45600 ,0 ,0 ,13834 
16,ARTA,278 ,7400 ,1500 ,3600 ,0 ,0 ,13834 
16,ARTI,50 ,505500 ,100631500 ,0 ,0 ,0 ,13834 
16,ARTO,204 ,200 ,20600 ,1000 ,0 ,0 ,13834 
16,ASBI,308 ,224100 ,10000 ,1000 ,0 ,100000 ,13834 
16,ASDM,1035 ,4000 ,1000 ,1000 ,0 ,0 ,13834 
16,ASGR,1485 ,2694600 ,56000 ,27600 ,0 ,1171200 ,13834 
16,ASII,7450 ,93558800 ,8668000 ,872300 ,88472900 ,49211400 ,13834 
16,ASJT,360 ,2100 ,1000 ,38000 ,0 ,0 ,13834 
16,ASMI,840 ,1973400 ,43600 ,9700 ,600 ,0 ,13834 
16,ASRI,390 ,31333000 ,922800 ,10400 ,2647800 ,25390600 ,13834 
16,ASRM,2500 ,0 ,100 ,100 ,0 ,0 ,13834 
16,ASSA,268 ,2406800 ,36900 ,50700 ,574000 ,0 ,13834 
16,ATIC,750 ,16100 ,10000 ,200 ,0 ,0 ,13834 
16,ATPK,194 ,0 ,0 ,0 ,0 ,0 ,13834 
16,AUTO,1655 ,1253000 ,400 ,111200 ,312200 ,611800 ,13834 
16,BABP,51 ,5803100 ,9344200 ,357400 ,0 ,0 ,13834 
16,BACA,280 ,10900 ,213900 ,400 ,0 ,0 ,13834 
16,BAJA,157 ,272600 ,32600 ,1000 ,0 ,0 ,13834 
16,BALI,1425 ,346600 ,27700 ,3000 ,0 ,0 ,13834 
16,BAPA,93 ,67107000 ,84800 ,27000 ,0 ,0 ,13834 
16,BATA,625 ,4200 ,300 ,500 ,1000 ,500 ,13834 
16,BAYU,1700 ,3500 ,2500 ,1000 ,0 ,0 ,13834 
16,BBCA,23350 ,38624400 ,1602800 ,3923200 ,24116500 ,28692400 ,13834 
16,BBHI,182 ,1881400 ,2100 ,63200 ,0 ,0 ,13834 
16,BBKP,600 ,4316500 ,24500 ,57400 ,10400 ,1396700 ,13834 
16,BBLD,595 ,0 ,200 ,3000 ,0 ,0 ,13834 
16,BBMD,1505 ,100 ,1500 ,1000 ,0 ,0 ,13834 
16,BBNI,9525 ,28363500 ,307400 ,50300 ,16100600 ,18455400 ,13834 
16,BBNP,2200 ,0 ,500 ,100 ,0 ,0 ,13834 
16,BBRI,3680 ,226448600 ,5993300 ,621700 ,206764500 ,143186100 ,13834 
16,BBRM,71 ,19716400 ,107600 ,159000 ,0 ,54300 ,13834 
16,BBTN,3690 ,23612000 ,1599500 ,258300 ,16006600 ,12057000 ,13834 
16,BBYB,350 ,3320000 ,500 ,16300 ,0 ,0 ,13834 
16,BCAP,1540 ,0 ,6700 ,0 ,0 ,0 ,13834 
16,BCIC,50 ,0 ,0 ,0 ,0 ,0 ,13834 
16,BCIP,149 ,27703900 ,802400 ,687600 ,0 ,0 ,13834 
16,BDMN,6900 ,6872900 ,2600 ,1302700 ,6293100 ,4799100 ,13834 
16,BEKS,50 ,61600 ,148499000 ,0 ,0 ,0 ,13834 
16,BELL,218 ,7453100 ,1114000 ,30400 ,0 ,0 ,13834 
16,BEST,296 ,33939900 ,674300 ,5000 ,5226600 ,25600200 ,13834 
16,BFIN,830 ,253400 ,214500 ,2000 ,245000 ,238000 ,13834 
16,BGTG,117 ,29212500 ,606700 ,282600 ,814300 ,20100 ,13834 
16,BHIT,116 ,4790200 ,1018900 ,15700 ,281300 ,2659800 ,13834 
16,BIKA,326 ,1300 ,2400 ,300 ,0 ,0 ,13834 
16,BIMA,75 ,96800 ,2000 ,31900 ,0 ,0 ,13834 
16,BINA,498 ,4266400 ,65700 ,720600 ,0 ,280700 ,13834 
16,BIPI,85 ,26285200 ,3520300 ,884300 ,322600 ,105000 ,13834 
16,BIPP,83 ,2800 ,239000 ,30000 ,0 ,0 ,13834 
16,BIRD,2900 ,236400 ,276500 ,31200 ,172000 ,0 ,13834 
16,BISI,1750 ,202000 ,216800 ,5000 ,134200 ,0 ,13834 
16,BJBR,2000 ,16101400 ,4000 ,654900 ,4096600 ,2289600 ,13834 
16,BJTM,625 ,86365900 ,3800 ,19552000 ,80915800 ,44925200 ,13834 
16,BKDP,88 ,22900 ,30100 ,93000 ,0 ,0 ,13834 
16,BKSL,214 ,1078538100 ,2694200 ,328165700 ,909002500 ,927969000 ,13834 
16,BKSW,220 ,1500 ,13000 ,6200 ,0 ,0 ,13834 
16,BLTA,196 ,0 ,0 ,0 ,0 ,0 ,13834 
16,BLTZ,9600 ,200 ,100 ,100 ,0 ,0 ,13834 
16,BMAS,330 ,7700 ,5500 ,100 ,0 ,0 ,13834 
16,BMRI,7925 ,77786000 ,193600 ,349600 ,70461400 ,48378600 ,13834 
16,BMSR,169 ,7000 ,4900 ,200 ,0 ,0 ,13834 
16,BMTR,565 ,20344300 ,20500 ,121800 ,19060100 ,18824700 ,13834 
16,BNBA,270 ,1956800 ,2000 ,12500 ,1000000 ,332200 ,13834 
16,BNBR,50 ,3400 ,2933699400 ,0 ,0 ,0 ,13834 
16,BNGA,1265 ,5707700 ,7200 ,455500 ,976000 ,166800 ,13834 
16,BNII,278 ,242800 ,3000 ,48800 ,0 ,0 ,13834 
16,BNLI,615 ,2898200 ,627400 ,175200 ,0 ,500 ,13834 
16,BOGA,570 ,2038700 ,118900 ,12700 ,0 ,0 ,13834 
16,BOLT,890 ,292300 ,13900 ,7100 ,0 ,0 ,13834 
16,BORN,50 ,0 ,0 ,0 ,0 ,0 ,13834 
16,BOSS,2160 ,5710900 ,2300 ,179100 ,0 ,15000 ,13834 
16,BPFI,980 ,7900 ,6700 ,100 ,0 ,800 ,13834 
16,BPII,5950 ,0 ,5000 ,2000 ,0 ,0 ,13834 
16,BRAM,7625 ,0 ,5000 ,5100 ,0 ,0 ,13834 
16,BRMS,85 ,118799100 ,15403200 ,11644500 ,8636200 ,1513600 ,13834 
16,BRNA,1200 ,50000 ,800 ,22300 ,0 ,0 ,13834 
16,BRPT,2480 ,102241100 ,2894100 ,6900 ,88974200 ,87250400 ,13834 
16,BSDE,1755 ,36121900 ,1759600 ,68800 ,30034400 ,20212100 ,13834 
16,BSIM,690 ,0 ,10500 ,1500 ,0 ,0 ,13834 
16,BSSR,2400 ,7900 ,2600 ,5000 ,0 ,0 ,13834 
16,BSWD,1750 ,0 ,0 ,0 ,0 ,0 ,13834 
16,BTEK,124 ,226100 ,302900 ,800 ,0 ,0 ,13834 
16,BTEL,50 ,0 ,406229100 ,0 ,0 ,0 ,13834 
16,BTON,146 ,63600 ,3000 ,47100 ,0 ,0 ,13834 
16,BTPN,3400 ,711000 ,273800 ,6500 ,618400 ,651600 ,13834 
16,BUDI,106 ,270400 ,194000 ,292800 ,0 ,0 ,13834 
16,BUKK,1810 ,0 ,10000 ,1000 ,0 ,0 ,13834 
16,BULL,139 ,76134500 ,667100 ,491100 ,101200 ,259000 ,13834 
16,BUMI,284 ,454912700 ,10519900 ,2181300 ,25739100 ,77406300 ,13834 
16,BUVA,510 ,6400 ,400 ,3900 ,0 ,0 ,13834 
16,BVIC,238 ,863100 ,231300 ,11400 ,0 ,180000 ,13834 
16,BWPT,228 ,131261700 ,11741600 ,12686200 ,8409800 ,3557900 ,13834 
16,BYAN,10700 ,4200 ,500 ,1800 ,3000 ,0 ,13834 
16,CAMP,530 ,1387700 ,208000 ,100 ,0 ,0 ,13834 
16,CANI,310 ,2900 ,5600 ,1300 ,0 ,0 ,13834 
16,CARS,1600 ,39200 ,42400 ,5500 ,0 ,0 ,13834 
16,CASA,298 ,490700 ,1800 ,124800 ,102000 ,0 ,13834 
16,CASS,700 ,200 ,547900 ,6000 ,0 ,0 ,13834 
16,CEKA,1450 ,1000 ,300 ,11000 ,0 ,0 ,13834 
16,CENT,91 ,499600 ,2900 ,23300 ,0 ,0 ,13834 
16,CFIN,332 ,0 ,3100 ,3000 ,0 ,0 ,13834 
16,CINT,330 ,6319900 ,15500 ,9000 ,9300 ,37900 ,13834 
16,CITA,650 ,100 ,7900 ,1000 ,0 ,0 ,13834 
16,CKRA,73 ,1900 ,400 ,3300 ,0 ,0 ,13834 
16,CLEO,940 ,1414400 ,176200 ,2900 ,0 ,0 ,13834 
16,CLPI,885 ,13200 ,500 ,88800 ,0 ,1200 ,13834 
16,CMNP,1500 ,1200 ,115500 ,1200 ,1200 ,1100 ,13834 
16,CMPP,318 ,1495100 ,1900 ,14900 ,0 ,0 ,13834 
16,CNKO,50 ,14400 ,28360000 ,0 ,0 ,0 ,13834 
16,CNTB,250 ,0 ,0 ,0 ,0 ,0 ,13834 
16,CNTX,486 ,0 ,3000 ,3000 ,0 ,0 ,13834 
16,COWL,800 ,1293300 ,65700 ,14700 ,0 ,0 ,13834 
16,CPIN,3410 ,20836700 ,1500 ,83300 ,19076300 ,18528200 ,13834 
16,CPRO,50 ,218200 ,120323700 ,0 ,0 ,208000 ,13834 
16,CSAP,520 ,2425800 ,1500 ,400 ,0 ,0 ,13834 
16,CSIS,990 ,1200 ,100 ,100 ,0 ,0 ,13834 
16,CTBN,4400 ,0 ,100000 ,0 ,0 ,0 ,13834 
16,CTRA,1180 ,11976500 ,1000 ,148600 ,10381300 ,9394700 ,13834 
16,CTTH,120 ,1047900 ,1019800 ,100 ,0 ,21000 ,13834 
16,DAJK,50 ,0 ,0 ,0 ,0 ,0 ,13834 
16,DART,316 ,62400 ,100 ,22600 ,50000 ,2400 ,13834 
16,DAYA,185 ,15500 ,50100 ,1185500 ,0 ,15500 ,13834 
16,DEFI,1290 ,11200 ,300 ,100 ,0 ,0 ,13834 
16,DEWA,50 ,60542400 ,6966000 ,0 ,300000 ,280800 ,13834 
16,DGIK,69 ,58423800 ,2937100 ,5464000 ,0 ,44000 ,13834 
16,DILD,330 ,27133800 ,47100 ,1095100 ,17035400 ,8379200 ,13834 
16,DKFT,378 ,250300 ,2300 ,10000 ,0 ,40000 ,13834 
16,DLTA,5050 ,24100 ,9500 ,1000 ,22600 ,22600 ,13834 
16,DMAS,174 ,46460800 ,1499700 ,578000 ,30106300 ,33727800 ,13834 
16,DNAR,292 ,0 ,6300 ,5000 ,0 ,0 ,13834 
16,DNET,2550 ,400 ,7600 ,100 ,0 ,0 ,13834 
16,DOID,910 ,36796200 ,681400 ,1090700 ,2288900 ,4018900 ,13834 
16,DPNS,342 ,3000 ,100 ,500 ,0 ,0 ,13834 
16,DPUM,298 ,165400 ,50000 ,5500 ,5000 ,0 ,13834 
16,DSFI,105 ,1951400 ,17800 ,54000 ,12700 ,62100 ,13834 
16,DSNG,434 ,366500 ,43200 ,3900 ,20100 ,150000 ,13834 
16,DSSA,13000 ,0 ,200 ,100 ,0 ,0 ,13834 
16,DUTI,5400 ,0 ,10000 ,2500 ,0 ,0 ,13834 
16,DVLA,2100 ,29600 ,100 ,3000 ,0 ,0 ,13834 
16,DWGL,224 ,679900 ,46700 ,600 ,0 ,0 ,13834 
16,DYAN,110 ,191047400 ,0 ,83489400 ,200000 ,200000 ,13834 
16,ECII,875 ,22900 ,1800 ,2500 ,0 ,0 ,13834 
16,EKAD,695 ,144000 ,55100 ,70800 ,0 ,118900 ,13834 
16,ELSA,468 ,19731300 ,177500 ,299200 ,3735300 ,81600 ,13834 
16,ELTY,50 ,85400 ,490462000 ,0 ,0 ,0 ,13834 
16,EMDE,258 ,191000 ,10000 ,12300 ,0 ,0 ,13834 
16,EMTK,9000 ,4100 ,9800 ,2000 ,0 ,0 ,13834 
16,ENRG,238 ,106480900 ,1266800 ,6977700 ,1426200 ,8733400 ,13834 
16,EPMT,2580 ,200 ,100 ,100 ,0 ,0 ,13834 
16,ERAA,1215 ,40648100 ,3445200 ,200800 ,5066000 ,7218200 ,13834 
16,ERTX,141 ,352200 ,16000 ,100 ,0 ,0 ,13834 
16,ESSA,314 ,14201600 ,447700 ,1833000 ,309100 ,234500 ,13834 
16,ESTI,71 ,104100 ,8000 ,64800 ,0 ,0 ,13834 
16,ETWA,63 ,0 ,0 ,0 ,0 ,0 ,13834 
16,EXCL,2500 ,13332700 ,5304600 ,30900 ,11321700 ,11005900 ,13834 
16,FAST,1410 ,700 ,400 ,500 ,700 ,200 ,13834 
16,FASW,5950 ,378900 ,16200 ,6600 ,0 ,0 ,13834 
16,FINN,145 ,28129200 ,55100 ,755700 ,5000 ,70000 ,13834 
16,FIRE,1425 ,0 ,100 ,20000 ,0 ,0 ,13834 
16,FISH,2420 ,100 ,200 ,900 ,0 ,0 ,13834 
16,FMII,615 ,1176100 ,15300 ,5300 ,0 ,0 ,13834 
16,FORU,165 ,100 ,500 ,500 ,0 ,0 ,13834 
16,FORZ,820 ,43231500 ,189300 ,300 ,0 ,109200 ,13834 
16,FPNI,220 ,8511100 ,24100 ,236900 ,240000 ,687500 ,13834 
16,FREN,50 ,100 ,8780000 ,0 ,0 ,0 ,13834 
16,GAMA,50 ,130400 ,27500 ,2965500 ,0 ,0 ,13834 
16,GDST,86 ,1216100 ,102400 ,33800 ,0 ,369600 ,13834 
16,GDYR,2200 ,0 ,2700 ,100 ,0 ,0 ,13834 
16,GEMA,1400 ,30000 ,2500 ,10000 ,0 ,0 ,13834 
16,GEMS,2550 ,0 ,0 ,0 ,0 ,0 ,13834 
16,GGRM,75200 ,1020400 ,48300 ,3400 ,820700 ,650200 ,13834 
16,GIAA,300 ,4513400 ,349000 ,1691600 ,103300 ,672900 ,13834 
16,GJTL,795 ,59815000 ,4175500 ,158700 ,45460700 ,42090200 ,13834 
16,GLOB,456 ,0 ,0 ,0 ,0 ,0 ,13834 
16,GMCW,860 ,0 ,0 ,0 ,0 ,0 ,13834 
16,GMFI,378 ,2741200 ,2655600 ,336400 ,0 ,2172600 ,13834 
16,GMTD,12000 ,1000 ,4000 ,500 ,1000 ,0 ,13834 
16,GOLD,454 ,2600 ,1500 ,3300 ,0 ,0 ,13834 
16,GOLL,101 ,1019300 ,249400 ,4285400 ,0 ,0 ,13834 
16,GPRA,109 ,2304200 ,460800 ,171700 ,2300 ,2300 ,13834 
16,GREN,328 ,0 ,0 ,0 ,0 ,0 ,13834 
16,GSMF,125 ,202800 ,109500 ,451200 ,0 ,0 ,13834 
16,GTBO,270 ,18800 ,10200 ,3900 ,0 ,0 ,13834 
16,GWSA,165 ,4500 ,1300 ,100 ,1000 ,0 ,13834 
16,GZCO,68 ,16283900 ,906400 ,1953700 ,0 ,0 ,13834 
16,HADE,50 ,100 ,1879900 ,0 ,0 ,0 ,13834 
16,HDFA,199 ,0 ,2900 ,6000 ,0 ,0 ,13834 
16,HDTX,324 ,600 ,1000 ,5000 ,0 ,0 ,13834 
16,HERO,940 ,9100 ,2000 ,11000 ,0 ,9000 ,13834 
16,HEXA,3050 ,1400 ,1000 ,100 ,0 ,0 ,13834 
16,HITS,715 ,4000 ,2700 ,1500 ,0 ,0 ,13834 
16,HMSP,4360 ,33291000 ,3188000 ,87300 ,24458300 ,11320900 ,13834 
16,HOKI,530 ,11030900 ,2757100 ,259700 ,0 ,107800 ,13834 
16,HOME,114 ,5135000 ,49000 ,11000 ,200 ,160100 ,13834 
16,HOTL,100 ,57448100 ,298000 ,88800 ,8000 ,0 ,13834 
16,HRTA,280 ,363800 ,133700 ,173600 ,0 ,0 ,13834 
16,HRUM,2640 ,7032600 ,149900 ,54100 ,306100 ,3170500 ,13834 
16,IATA,50 ,100 ,28841200 ,0 ,0 ,0 ,13834 
16,IBFN,75 ,1071800 ,11400 ,126600 ,0 ,0 ,13834 
16,IBST,9500 ,20200 ,5600 ,10100 ,0 ,20000 ,13834 
16,ICBP,8750 ,6026300 ,51400 ,176500 ,4827200 ,4011800 ,13834 
16,ICON,105 ,240500 ,1100 ,2600 ,0 ,0 ,13834 
16,IDPR,830 ,123700 ,500 ,65000 ,0 ,0 ,13834 
16,IGAR,400 ,82500 ,33800 ,5000 ,0 ,0 ,13834 
16,IIKP,174 ,413423500 ,243200 ,115200 ,1026400 ,1969800 ,13834 
16,IKAI,480 ,45187600 ,160400 ,1347500 ,818500 ,2223000 ,13834 
16,IKBI,306 ,600 ,9400 ,400 ,0 ,0 ,13834 
16,IMAS,1380 ,5767100 ,440500 ,52100 ,2371600 ,112000 ,13834 
16,IMJS,402 ,1251100 ,22900 ,6600 ,1000000 ,400000 ,13834 
16,IMPC,1000 ,226900 ,42100 ,5200 ,0 ,0 ,13834 
16,INAF,4610 ,60600 ,13800 ,500 ,0 ,52600 ,13834 
16,INAI,428 ,85100 ,49800 ,3200 ,0 ,0 ,13834 
16,INCF,190 ,73800 ,4500 ,100 ,0 ,0 ,13834 
16,INCI,535 ,51400 ,10500 ,8900 ,6500 ,0 ,13834 
16,INCO,3060 ,12852300 ,25200 ,100100 ,7359100 ,5354900 ,13834 
16,INDF,7150 ,14475200 ,100 ,168700 ,12922500 ,10742600 ,13834 
16,INDR,1250 ,500 ,100 ,1000 ,0 ,0 ,13834 
16,INDS,1655 ,73100 ,500 ,2100 ,0 ,68900 ,13834 
16,INDX,103 ,833000 ,600 ,28800 ,0 ,0 ,13834 
16,INDY,3310 ,14172100 ,16500 ,213400 ,1529800 ,3273000 ,13834 
16,INKP,11225 ,67620200 ,163100 ,29965900 ,53236000 ,59684600 ,13834 
16,INPC,88 ,2382500 ,313900 ,3811800 ,0 ,0 ,13834 
16,INPP,625 ,48900 ,52200 ,49300 ,0 ,0 ,13834 
16,INRU,945 ,65500 ,1000 ,9200 ,0 ,0 ,13834 
16,INTA,424 ,296400 ,61100 ,414300 ,43800 ,0 ,13834 
16,INTD,615 ,14700 ,1000 ,31100 ,0 ,0 ,13834 
16,INTP,19550 ,4219600 ,369700 ,5600 ,4098200 ,2864100 ,13834 
16,IPCM,402 ,16500 ,16000 ,6700 ,1200 ,0 ,13834 
16,IPOL,132 ,92800 ,10900 ,13000 ,0 ,0 ,13834 
16,ISAT,5200 ,164100 ,15500 ,1200 ,0 ,2000 ,13834 
16,ISSP,131 ,2299300 ,106900 ,150800 ,0 ,0 ,13834 
16,ITMA,710 ,3800 ,68400 ,200 ,0 ,0 ,13834 
16,ITMG,27825 ,6234700 ,460100 ,28500 ,4450100 ,5647400 ,13834 
16,ITTG,82 ,0 ,0 ,0 ,0 ,0 ,13834 
16,JAWA,192 ,290800 ,52800 ,43200 ,0 ,0 ,13834 
16,JECC,5100 ,0 ,100 ,200 ,0 ,0 ,13834 
16,JGLE,50 ,2674600 ,106299400 ,0 ,0 ,0 ,13834 
16,JIHD,486 ,50000 ,10000 ,50000 ,0 ,50000 ,13834 
16,JKON,510 ,189900 ,99900 ,147700 ,0 ,0 ,13834 
16,JKSW,97 ,0 ,0 ,0 ,0 ,0 ,13834 
16,JMAS,920 ,14334800 ,290400 ,100600 ,171800 ,171800 ,13834 
16,JPFA,1495 ,1705000 ,133900 ,191300 ,981400 ,1127200 ,13834 
16,JPRS,133 ,0 ,30200 ,10000 ,0 ,0 ,13834 
16,JRPT,855 ,4147000 ,51900 ,107800 ,127000 ,0 ,13834 
16,JSMR,4840 ,11518900 ,192700 ,28600 ,3799800 ,4805600 ,13834 
16,JSPT,1490 ,0 ,400 ,1100 ,0 ,0 ,13834 
16,JTPE,302 ,833100 ,213500 ,7100 ,0 ,0 ,13834 
16,KAEF,2220 ,288900 ,33600 ,2500 ,11400 ,10000 ,13834 
16,KARW,134 ,46700 ,10000 ,9900 ,0 ,0 ,13834 
16,KBLI,472 ,2969300 ,77600 ,32200 ,7500 ,200000 ,13834 
16,KBLM,296 ,36500 ,1600 ,3300 ,0 ,0 ,13834 
16,KBLV,500 ,68900 ,2800 ,8000 ,0 ,4000 ,13834 
16,KBRI,50 ,5000000 ,26292900 ,0 ,0 ,0 ,13834 
16,KDSI,635 ,63100 ,10200 ,2000 ,0 ,0 ,13834 
16,KIAS,100 ,0 ,0 ,0 ,0 ,0 ,13834 
16,KICI,185 ,7800 ,2400 ,10000 ,0 ,0 ,13834 
16,KIJA,270 ,134038700 ,268834200 ,15450300 ,131871400 ,131229700 ,13834 
16,KINO,1990 ,6800 ,2500 ,4000 ,0 ,0 ,13834 
16,KIOS,2990 ,542800 ,100 ,11000 ,0 ,0 ,13834 
16,KKGI,364 ,52500 ,25000 ,4200 ,0 ,0 ,13834 
16,KLBF,1470 ,38247700 ,436800 ,1089100 ,31703600 ,27729800 ,13834 
16,KMTR,755 ,14634600 ,11700 ,63700 ,0 ,0 ,13834 
16,KOBX,121 ,116300 ,73800 ,74300 ,0 ,0 ,13834 
16,KOIN,298 ,0 ,100300 ,500 ,0 ,0 ,13834 
16,KONI,350 ,0 ,5300 ,1000 ,0 ,0 ,13834 
16,KOPI,725 ,54200 ,400 ,23600 ,0 ,0 ,13834 
16,KPIG,1320 ,0 ,15600 ,2500 ,0 ,0 ,13834 
16,KRAH,2520 ,69100 ,2200 ,400 ,0 ,0 ,13834 
16,KRAS,460 ,10058400 ,72100 ,59300 ,3339200 ,2461700 ,13834 
16,KREN,660 ,384320900 ,18487000 ,52300 ,302293900 ,334549600 ,13834 
16,LAPD,50 ,100 ,20132100 ,0 ,0 ,0 ,13834 
16,LCGP,66 ,7504500 ,863100 ,303400 ,0 ,0 ,13834 
16,LCKM,360 ,1750800 ,20000 ,2500 ,41200 ,462400 ,13834 
16,LEAD,184 ,124583900 ,1424000 ,767400 ,2179500 ,684200 ,13834 
16,LINK,5300 ,1332300 ,175600 ,11400 ,1311800 ,1321700 ,13834 
16,LION,655 ,1000 ,9600 ,700 ,0 ,500 ,13834 
16,LMAS,62 ,2310900 ,4173200 ,4459800 ,233100 ,0 ,13834 
16,LMPI,180 ,131500 ,50100 ,918500 ,0 ,0 ,13834 
16,LMSH,730 ,2400 ,1000 ,800 ,0 ,0 ,13834 
16,LPCK,3300 ,1455800 ,2100 ,6600 ,348600 ,857300 ,13834 
16,LPGI,4000 ,0 ,100 ,20000 ,0 ,0 ,13834 
16,LPIN,785 ,600 ,400 ,200 ,0 ,0 ,13834 
16,LPKR,484 ,19620000 ,8000 ,88600 ,16952100 ,8039000 ,13834 
16,LPLI,194 ,51100 ,5000 ,89000 ,0 ,0 ,13834 
16,LPPF,11500 ,7278600 ,454600 ,5400 ,6862500 ,6257400 ,13834 
16,LPPS,100 ,998600 ,60800 ,1140900 ,0 ,0 ,13834 
16,LRNA,100 ,220500 ,3000 ,100 ,0 ,0 ,13834 
16,LSIP,1290 ,6602700 ,126000 ,347500 ,2169300 ,960400 ,13834 
16,LTLS,640 ,2500 ,600 ,10600 ,0 ,0 ,13834 
16,MABA,785 ,600 ,215900 ,2000 ,0 ,0 ,13834 
16,MAGP,50 ,0 ,109919400 ,0 ,0 ,0 ,13834 
16,MAIN,695 ,368300 ,5900 ,1100 ,72300 ,6000 ,13834 
16,MAMI,88 ,25568100 ,2043900 ,3198400 ,70000 ,0 ,13834 
16,MAMIP,600 ,0 ,0 ,0 ,0 ,0 ,13834 
16,MAPB,1840 ,40900 ,1000 ,6000 ,0 ,0 ,13834 
16,MAPI,7450 ,3154800 ,995600 ,5000 ,3143900 ,240000 ,13834 
16,MARI,1500 ,102300 ,61100 ,200 ,0 ,0 ,13834 
16,MARK,1815 ,1817800 ,154900 ,129700 ,20000 ,15000 ,13834 
16,MASA,308 ,63400 ,1600 ,200000 ,36500 ,0 ,13834 
16,MAYA,4050 ,200 ,700 ,500 ,0 ,0 ,13834 
16,MBAP,3340 ,81100 ,2500 ,1000 ,0 ,10000 ,13834 
16,MBSS,610 ,2984500 ,84400 ,60800 ,4500 ,83700 ,13834 
16,MBTO,135 ,39000 ,2100 ,5500 ,0 ,0 ,13834 
16,MCAS,2620 ,4553100 ,10900 ,96200 ,0 ,190300 ,13834 
16,MCOR,208 ,5137800 ,152500 ,1846000 ,1800 ,1000000 ,13834 
16,MDIA,286 ,2387300 ,12000 ,478900 ,59300 ,105000 ,13834 
16,MDKA,2390 ,393500 ,52000 ,26200 ,20000 ,0 ,13834 
16,MDKI,348 ,386000 ,130500 ,631000 ,0 ,0 ,13834 
16,MDLN,358 ,5247200 ,276500 ,178900 ,40400 ,2722500 ,13834 
16,MDRN,50 ,10100 ,56827000 ,0 ,0 ,0 ,13834 
16,MEDC,1230 ,66766000 ,2000 ,382500 ,19960300 ,13213800 ,13834 
16,MEGA,3500 ,0 ,800 ,600 ,0 ,0 ,13834 
16,MERK,7200 ,11800 ,1300 ,1200 ,100 ,0 ,13834 
16,META,206 ,5230500 ,148000 ,70000 ,2240400 ,930700 ,13834 
16,MFIN,1690 ,155900 ,12100 ,4000 ,0 ,0 ,13834 
16,MFMI,700 ,0 ,2700 ,100 ,0 ,0 ,13834 
16,MGNA,50 ,13100 ,3007700 ,0 ,0 ,0 ,13834 
16,MICE,344 ,152800 ,38400 ,76500 ,0 ,0 ,13834 
16,MIDI,1025 ,0 ,1100 ,0 ,0 ,0 ,13834 
16,MIKA,2100 ,5063300 ,2800 ,120700 ,1573800 ,185400 ,13834 
16,MINA,1885 ,30100 ,9000 ,23500 ,0 ,0 ,13834 
16,MIRA,50 ,0 ,4989300 ,0 ,0 ,0 ,13834 
16,MITI,50 ,0 ,1722300 ,0 ,0 ,0 ,13834 
16,MKNT,300 ,2709700 ,20000 ,8700 ,0 ,0 ,13834 
16,MKPI,27300 ,0 ,100 ,100 ,0 ,0 ,13834 
16,MLBI,16275 ,32300 ,1700 ,72000 ,0 ,0 ,13834 
16,MLIA,580 ,200 ,32000 ,5400 ,0 ,0 ,13834 
16,MLPL,153 ,8026900 ,1326400 ,245800 ,50000 ,1582000 ,13834 
16,MLPT,610 ,1100 ,20500 ,100 ,0 ,0 ,13834 
16,MMLP,585 ,50000 ,455100 ,500 ,50000 ,0 ,13834 
16,MNCN,1450 ,14583600 ,3000 ,581700 ,8773300 ,11541900 ,13834 
16,MPMX,830 ,5700 ,96400 ,42500 ,4200 ,0 ,13834 
16,MPOW,224 ,344200 ,18300 ,2500 ,0 ,3000 ,13834 
16,MPPA,414 ,1987100 ,28400 ,27500 ,1407500 ,1386800 ,13834 
16,MRAT,200 ,21800 ,200 ,22100 ,0 ,0 ,13834 
16,MREI,4500 ,5400 ,19400 ,0 ,0 ,0 ,13834 
16,MSKY,775 ,236000 ,13000 ,500 ,197000 ,236000 ,13834 
16,MTDL,765 ,4436400 ,146200 ,50000 ,253400 ,117200 ,13834 
16,MTFN,50 ,0 ,0 ,0 ,0 ,0 ,13834 
16,MTLA,362 ,3500 ,100 ,101600 ,0 ,0 ,13834 
16,MTRA,448 ,220200 ,1500 ,5500 ,0 ,0 ,13834 
16,MTSM,266 ,0 ,2000 ,1500 ,0 ,0 ,13834 
16,MTWI,144 ,3938700 ,45400 ,36700 ,0 ,0 ,13834 
16,MYOH,800 ,146600 ,443600 ,30000 ,6500 ,0 ,13834 
16,MYOR,2650 ,283800 ,2900 ,1800 ,25000 ,300 ,13834 
16,MYRX,153 ,480629000 ,1635500 ,309500 ,10900000 ,17880000 ,13834 
16,MYRXP,50 ,100 ,15474600 ,0 ,0 ,0 ,13834 
16,MYTX,185 ,300 ,260400 ,99800 ,0 ,0 ,13834 
16,NAGA,290 ,69100 ,300 ,20000 ,0 ,0 ,13834 
16,NASA,366 ,0 ,10000 ,500 ,0 ,0 ,13834 
16,NELY,126 ,374600 ,15500 ,11200 ,0 ,0 ,13834 
16,NIKL,3400 ,4700 ,8000 ,300 ,0 ,1000 ,13834 
16,NIPS,446 ,0 ,100 ,2000 ,0 ,0 ,13834 
16,NIRO,94 ,208500 ,334700 ,100000 ,0 ,0 ,13834 
16,NISP,2050 ,19500 ,600 ,1200 ,0 ,4200 ,13834 
16,NOBU,905 ,1600 ,8300 ,1300 ,300 ,0 ,13834 
16,NRCA,462 ,4011500 ,63700 ,24100 ,0 ,1600000 ,13834 
16,OASA,214 ,14500 ,8400 ,200 ,0 ,0 ,13834 
16,OCAP,430 ,0 ,0 ,0 ,0 ,0 ,13834 
16,OKAS,350 ,30100 ,1500 ,19500 ,0 ,0 ,13834 
16,OMRE,1895 ,0 ,2000 ,300 ,0 ,0 ,13834 
16,PADI,585 ,1086400 ,90300 ,115900 ,0 ,0 ,13834 
16,PALM,300 ,200 ,9800 ,100 ,0 ,0 ,13834 
16,PANR,500 ,1301300 ,40400 ,7600 ,0 ,0 ,13834 
16,PANS,1925 ,37400 ,8500 ,10300 ,0 ,0 ,13834 
16,PBID,910 ,164900 ,128600 ,43700 ,0 ,50000 ,13834 
16,PBRX,486 ,24261900 ,26800 ,20400 ,111600 ,7600 ,13834 
16,PBSA,1170 ,404700 ,100100 ,500000 ,404600 ,0 ,13834 
16,PCAR,2260 ,50800 ,13200 ,12000 ,0 ,0 ,13834 
16,PDES,1250 ,24300 ,500 ,1900 ,0 ,0 ,13834 
16,PEGE,284 ,1500 ,2700 ,1900 ,0 ,0 ,13834 
16,PGAS,2260 ,122158600 ,560200 ,721100 ,57021500 ,32808000 ,13834 
16,PGLI,160 ,0 ,27000 ,25000 ,0 ,0 ,13834 
16,PICO,268 ,0 ,32200 ,5000 ,0 ,0 ,13834 
16,PJAA,1400 ,2300 ,109600 ,2000 ,0 ,0 ,13834 
16,PKPK,73 ,160000 ,79200 ,20000 ,0 ,0 ,13834 
16,PLAS,50 ,0 ,6978500 ,0 ,0 ,0 ,13834 
16,PLIN,3360 ,13400 ,7200 ,20000 ,0 ,0 ,13834 
16,PNBN,1130 ,3832700 ,112500 ,41600 ,329900 ,247600 ,13834 
16,PNBS,89 ,165618400 ,7263900 ,322800 ,1881700 ,2612000 ,13834 
16,PNIN,1230 ,557700 ,20000 ,27500 ,132800 ,152100 ,13834 
16,PNLF,248 ,13478800 ,209900 ,1816200 ,10463100 ,8646200 ,13834 
16,PNSE,1220 ,0 ,400 ,0 ,0 ,0 ,13834 
16,POLY,119 ,31905400 ,257800 ,408900 ,50000 ,50000 ,13834 
16,POOL,4020 ,29718100 ,212000 ,163600 ,429500 ,95400 ,13834 
16,PORT,635 ,62100 ,12000 ,72900 ,0 ,62100 ,13834 
16,POWR,1170 ,5009900 ,3700 ,5700 ,1986800 ,5008900 ,13834 
16,PPRE,372 ,1982500 ,22300 ,105000 ,0 ,0 ,13834 
16,PPRO,181 ,60699900 ,700 ,3668000 ,41067700 ,51344600 ,13834 
16,PRAS,218 ,30200 ,12700 ,42000 ,0 ,0 ,13834 
16,PRDA,3400 ,200 ,44800 ,100 ,100 ,0 ,13834 
16,PSAB,238 ,4121300 ,455800 ,748200 ,0 ,0 ,13834 
16,PSDN,545 ,911600 ,300 ,2500 ,22800 ,52800 ,13834 
16,PSKT,50 ,0 ,8625000 ,0 ,0 ,0 ,13834 
16,PSSI,165 ,4087100 ,400 ,95300 ,0 ,0 ,13834 
16,PTBA,2810 ,33017500 ,124700 ,1341800 ,11454700 ,12477700 ,13834 
16,PTIS,346 ,2600 ,4000 ,4100 ,0 ,0 ,13834 
16,PTPP,2750 ,37125300 ,469000 ,1848200 ,24360000 ,2733400 ,13834 
16,PTRO,1930 ,2205600 ,78700 ,16300 ,206000 ,39500 ,13834 
16,PTSN,220 ,252600 ,10000 ,95400 ,0 ,0 ,13834 
16,PTSP,7200 ,0 ,500 ,0 ,0 ,0 ,13834 
16,PUDP,505 ,129400 ,2300 ,40600 ,0 ,129400 ,13834 
16,PWON,640 ,49915400 ,2073000 ,40900 ,35599900 ,31115800 ,13834 
16,PYFA,192 ,0 ,100 ,2500 ,0 ,0 ,13834 
16,RAJA,545 ,966900 ,129700 ,300000 ,3800 ,6600 ,13834 
16,RALS,1260 ,3238000 ,700 ,1129500 ,1692800 ,1670400 ,13834 
16,RANC,346 ,1000700 ,50900 ,100 ,0 ,1000200 ,13834 
16,RBMS,396 ,4523700 ,167200 ,500 ,35000 ,0 ,13834 
16,RDTX,5500 ,0 ,1700 ,10000 ,0 ,0 ,13834 
16,RELI,318 ,0 ,100 ,2000 ,0 ,0 ,13834 
16,RICY,148 ,12100 ,212800 ,5000 ,0 ,0 ,13834 
16,RIGS,250 ,94800 ,62500 ,6500 ,0 ,0 ,13834 
16,RIMO,143 ,350901600 ,99900 ,1436300 ,1912800 ,4381400 ,13834 
16,RMBA,328 ,500 ,5100 ,700 ,0 ,0 ,13834 
16,RODA,276 ,105500 ,27000 ,7600 ,0 ,0 ,13834 
16,ROTI,1200 ,1050400 ,2000 ,11100 ,6700 ,735500 ,13834 
16,RUIS,232 ,26700 ,23400 ,265300 ,0 ,0 ,13834 
16,SAFE,306 ,0 ,0 ,0 ,0 ,0 ,13834 
16,SAME,505 ,2352500 ,392000 ,110400 ,1900 ,209600 ,13834 
16,SCBD,2700 ,0 ,0 ,0 ,0 ,0 ,13834 
16,SCCO,10500 ,3000 ,34300 ,500 ,0 ,0 ,13834 
16,SCMA,2780 ,18216900 ,1070600 ,63400 ,11771800 ,8601500 ,13834 
16,SCPI,29000 ,0 ,0 ,0 ,0 ,0 ,13834 
16,SDMU,346 ,2581400 ,20500 ,12200 ,100 ,0 ,13834 
16,SDPC,104 ,704500 ,51100 ,128900 ,0 ,0 ,13834 
16,SDRA,885 ,100 ,10000 ,2000 ,0 ,0 ,13834 
16,SGRO,2440 ,235500 ,1465800 ,300 ,139100 ,0 ,13834 
16,SHID,1300 ,0 ,20000 ,0 ,0 ,0 ,13834 
16,SHIP,765 ,1832800 ,63700 ,52800 ,0 ,0 ,13834 
16,SIAP,83 ,0 ,0 ,0 ,0 ,0 ,13834 
16,SIDO,680 ,1512000 ,391700 ,52600 ,79700 ,406700 ,13834 
16,SILO,8300 ,576700 ,41500 ,1900 ,223200 ,323200 ,13834 
16,SIMA,125 ,283500 ,6000 ,4800 ,0 ,20000 ,13834 
16,SIMP,585 ,6918900 ,57000 ,362400 ,207300 ,4682100 ,13834 
16,SIPD,1020 ,60300 ,60000 ,3000 ,0 ,0 ,13834 
16,SKBM,505 ,0 ,300 ,1000 ,0 ,0 ,13834 
16,SKLT,1150 ,0 ,0 ,0 ,0 ,0 ,13834 
16,SKYB,420 ,0 ,0 ,0 ,0 ,0 ,13834 
16,SMAR,3500 ,0 ,200 ,700 ,0 ,0 ,13834 
16,SMBR,3170 ,1567600 ,1700 ,18000 ,1119100 ,548200 ,13834 
16,SMCB,815 ,535400 ,5000 ,6300 ,0 ,423100 ,13834 
16,SMDM,128 ,2200 ,3000 ,100 ,0 ,0 ,13834 
16,SMDR,432 ,5777300 ,35000 ,12200 ,145200 ,7200 ,13834 
16,SMGR,10525 ,9306800 ,24200 ,8800 ,5948100 ,8113400 ,13834 
16,SMMA,9900 ,0 ,2000 ,0 ,0 ,0 ,13834 
16,SMMT,186 ,805000 ,3000 ,14100 ,0 ,0 ,13834 
16,SMRA,905 ,23818800 ,106900 ,1070300 ,12470100 ,10747500 ,13834 
16,SMRU,434 ,2421700 ,18000 ,9300 ,0 ,0 ,13834 
16,SMSM,1405 ,2449000 ,24400 ,3600 ,11400 ,28400 ,13834 
16,SOCI,260 ,18467600 ,267300 ,1052800 ,0 ,5700 ,13834 
16,SONA,3570 ,0 ,800 ,200 ,0 ,0 ,13834 
16,SPMA,310 ,114200 ,2000 ,70100 ,0 ,0 ,13834 
16,SQBB,10500 ,0 ,0 ,0 ,0 ,0 ,13834 
16,SQBI,440000 ,0 ,0 ,0 ,0 ,0 ,13834 
16,SQMI,304 ,0 ,100 ,2000 ,0 ,0 ,13834 
16,SRAJ,238 ,71600 ,2700 ,20100 ,0 ,0 ,13834 
16,SRIL,340 ,56931300 ,609800 ,6037900 ,3145500 ,22311500 ,13834 
16,SRSN,50 ,0 ,357000 ,0 ,0 ,0 ,13834 
16,SRTG,4130 ,17000 ,11000 ,400 ,0 ,0 ,13834 
16,SSIA,545 ,12018700 ,314500 ,1061900 ,3797700 ,713000 ,13834 
16,SSMS,1440 ,26944500 ,242800 ,43700 ,270700 ,258200 ,13834 
16,SSTM,530 ,0 ,20000 ,0 ,0 ,0 ,13834 
16,STAR,81 ,3105000 ,589900 ,363600 ,0 ,0 ,13834 
16,STTP,4150 ,0 ,0 ,0 ,0 ,0 ,13834 
16,SUGI,50 ,10000 ,504713700 ,0 ,0 ,0 ,13834 
16,SULI,177 ,511600 ,49200 ,56000 ,0 ,0 ,13834 
16,SUPR,6800 ,0 ,0 ,0 ,0 ,0 ,13834 
16,TALF,378 ,100 ,6000 ,100 ,0 ,0 ,13834 
16,TAMU,3720 ,2313800 ,19600 ,63400 ,0 ,0 ,13834 
16,TARA,790 ,40149300 ,921800 ,274600 ,679300 ,925100 ,13834 
16,TAXI,121 ,599645000 ,0 ,52181400 ,3703900 ,27335000 ,13834 
16,TBIG,5800 ,2517000 ,32000 ,70900 ,2419200 ,2424000 ,13834 
16,TBLA,1195 ,366800 ,9500 ,1000 ,219500 ,310900 ,13834 
16,TBMS,1325 ,8900 ,4400 ,1100 ,0 ,0 ,13834 
16,TCID,17500 ,0 ,2000 ,100 ,0 ,0 ,13834 
16,TELE,850 ,7400 ,1400 ,100 ,0 ,0 ,13834 
16,TFCO,750 ,0 ,5800 ,8000 ,0 ,0 ,13834 
16,TGKA,2500 ,1700 ,1000 ,600 ,0 ,0 ,13834 
16,TGRA,545 ,537100 ,16100 ,5900 ,0 ,0 ,13834 
16,TIFA,188 ,17100 ,5800 ,1000 ,0 ,0 ,13834 
16,TINS,1020 ,15965500 ,39100 ,462600 ,2388300 ,3051700 ,13834 
16,TIRA,220 ,300 ,100 ,5800 ,0 ,0 ,13834 
16,TIRT,93 ,37800 ,400 ,17000 ,0 ,0 ,13834 
16,TKIM,6075 ,5354700 ,446100 ,39900 ,199700 ,1166600 ,13834 
16,TLKM,3820 ,208216200 ,371700 ,4987900 ,153370600 ,133702400 ,13834 
16,TMAS,1145 ,0 ,8100 ,1000 ,0 ,0 ,13834 
16,TMPI,50 ,0 ,0 ,0 ,0 ,0 ,13834 
16,TMPO,260 ,11100 ,250500 ,19800 ,0 ,0 ,13834 
16,TOBA,2770 ,19900 ,42600 ,2000 ,0 ,0 ,13834 
16,TOPS,4180 ,8894300 ,3200 ,135500 ,37100 ,31100 ,13834 
16,TOTL,685 ,319700 ,20900 ,24000 ,0 ,3200 ,13834 
16,TOTO,388 ,15100 ,9100 ,2400 ,0 ,0 ,13834 
16,TOWR,3470 ,1848400 ,49600 ,5700 ,1691800 ,1814900 ,13834 
16,TPIA,5900 ,5255300 ,11000 ,700400 ,767600 ,32700 ,13834 
16,TPMA,220 ,62300 ,178100 ,1970000 ,0 ,0 ,13834 
16,TRAM,364 ,142933300 ,853100 ,6271100 ,3678400 ,3302200 ,13834 
16,TRIL,51 ,124700 ,25900 ,384800 ,0 ,0 ,13834 
16,TRIM,128 ,26300 ,1000 ,32200 ,0 ,0 ,13834 
16,TRIO,2000 ,0 ,0 ,0 ,0 ,0 ,13834 
16,TRIS,302 ,5436600 ,159900 ,13200 ,0 ,0 ,13834 
16,TRST,400 ,0 ,5000 ,68100 ,0 ,0 ,13834 
16,TRUB,50 ,0 ,0 ,0 ,0 ,0 ,13834 
16,TRUS,222 ,400 ,4800 ,1500 ,0 ,0 ,13834 
16,TSPC,1620 ,7500 ,38500 ,200 ,0 ,0 ,13834 
16,TURI,1450 ,0 ,163100 ,218300 ,0 ,0 ,13834 
16,ULTJ,1410 ,311300 ,300 ,701000 ,0 ,46500 ,13834 
16,UNIC,4000 ,0 ,1500 ,100 ,0 ,0 ,13834 
16,UNIT,320 ,10900 ,2900 ,6000 ,0 ,0 ,13834 
16,UNSP,300 ,17746900 ,1653000 ,469400 ,40000 ,555000 ,13834 
16,UNTR,32575 ,9680100 ,1370500 ,33800 ,9320400 ,4463800 ,13834 
16,UNVR,49700 ,4459000 ,100 ,810000 ,4329100 ,1563500 ,13834 
16,VICO,210 ,44000 ,2000 ,17000 ,0 ,0 ,13834 
16,VINS,140 ,200 ,3000 ,200 ,0 ,0 ,13834 
16,VIVA,358 ,16746700 ,297300 ,43700 ,1947900 ,3265100 ,13834 
16,VOKS,230 ,3000 ,78600 ,3000 ,0 ,0 ,13834 
16,VRNA,94 ,2475100 ,464100 ,4090100 ,0 ,0 ,13834 
16,WAPO,91 ,2200300 ,49200 ,1770200 ,0 ,0 ,13834 
16,WEGE,266 ,3020300 ,46700 ,99900 ,0 ,0 ,13834 
16,WEHA,208 ,3782700 ,661200 ,12900 ,0 ,0 ,13834 
16,WICO,510 ,11500 ,200 ,14900 ,0 ,0 ,13834 
16,WIIM,262 ,547900 ,568700 ,364400 ,436300 ,526000 ,13834 
16,WIKA,1710 ,15864400 ,387400 ,398400 ,5107300 ,3042700 ,13834 
16,WINS,338 ,216500 ,100 ,95500 ,0 ,136400 ,13834 
16,WOMF,302 ,4848000 ,150500 ,1314900 ,0 ,0 ,13834 
16,WOOD,290 ,32951700 ,109800 ,103100 ,0 ,0 ,13834 
16,WSBP,410 ,101671400 ,612300 ,5077600 ,46861400 ,5955500 ,13834 
16,WSKT,2540 ,23028400 ,77200 ,307400 ,6132000 ,6513200 ,13834 
16,WTON,510 ,10465500 ,281300 ,1531400 ,1311600 ,15700 ,13834 
16,YPAS,955 ,0 ,6000 ,500 ,0 ,0 ,13834 
16,YULE,192 ,0 ,0 ,0 ,0 ,0 ,13834 
16,ZBRA,50 ,0 ,0 ,0 ,0 ,0 ,13834 
16,ZINC,1715 ,6850800 ,6000 ,75800 ,0 ,0 ,13834 
